user_id,product_id,timestamp,action_type,rating_given
user_0060,26040166,22/03/25 20:58,purchase,
user_0063,28967190,07/04/25 16:29,view,
user_0177,27823166,13/03/25 2:24,review,4
user_0039,29587202,18/03/25 9:03,review,1
user_0041,16683648,21/03/25 15:02,purchase,
user_0076,33250635,29/03/25 2:10,view,
user_0029,33567925,06/04/25 12:04,purchase,
user_0153,32758919,14/03/25 2:29,add_to_cart,
user_0164,30083660,21/04/25 4:08,add_to_cart,
user_0023,18816824,07/03/25 13:54,add_to_cart,
user_0180,32694112,27/03/25 2:43,review,4
user_0097,9740131,29/03/25 4:44,add_to_cart,
user_0060,30010495,28/02/25 20:01,view,
user_0049,29947048,18/03/25 22:58,purchase,
user_0161,21990862,04/03/25 15:00,view,
user_0003,24712352,29/03/25 17:57,add_to_cart,
user_0019,12193168,17/03/25 21:35,purchase,
user_0007,29337386,10/04/25 19:42,purchase,
user_0139,32000122,12/03/25 7:38,review,3
user_0112,29203204,23/02/25 20:42,view,
user_0180,19964312,11/04/25 18:16,add_to_cart,
user_0031,28406154,12/04/25 2:39,purchase,
user_0093,31207364,05/03/25 13:21,view,
user_0130,31583590,22/04/25 13:14,view,
user_0059,30837256,20/03/25 2:42,review,4
user_0015,31355067,18/04/25 7:26,purchase,
user_0072,30692032,30/03/25 18:31,add_to_cart,
user_0038,32842883,18/04/25 12:59,add_to_cart,
user_0033,30232631,06/03/25 16:40,view,
user_0069,27709142,06/04/25 16:16,add_to_cart,
user_0145,31926564,14/04/25 8:41,purchase,
user_0194,30195728,03/03/25 14:29,view,
user_0167,33278666,17/03/25 5:54,review,2
user_0148,30380900,19/04/25 14:21,review,3
user_0020,25282850,18/03/25 23:01,view,
user_0011,32522782,04/04/25 21:28,purchase,
user_0002,16649518,07/04/25 11:43,view,
user_0018,27138986,09/03/25 3:36,view,
user_0015,25856086,15/03/25 16:20,view,
user_0095,27449758,05/04/25 18:24,add_to_cart,
user_0036,28026630,06/04/25 5:40,review,5
user_0197,17846550,01/03/25 23:26,view,
user_0174,18960070,15/03/25 3:53,view,
user_0024,32715783,25/03/25 4:21,purchase,
user_0048,24358434,05/04/25 13:15,view,
user_0007,29758162,13/04/25 3:56,purchase,
user_0114,24298010,01/03/25 14:38,add_to_cart,
user_0180,31984821,03/04/25 7:01,view,
user_0166,15313888,16/04/25 2:14,add_to_cart,
user_0042,32795933,26/03/25 1:00,add_to_cart,
user_0078,20514484,28/03/25 23:00,add_to_cart,
user_0186,30435320,02/03/25 23:00,add_to_cart,
user_0192,29194512,22/04/25 19:39,review,5
user_0098,27508996,09/03/25 9:17,add_to_cart,
user_0156,29744430,28/03/25 0:55,review,1
user_0109,24977628,27/02/25 14:53,view,
user_0149,31722329,20/04/25 19:58,review,1
user_0056,27083274,19/03/25 22:44,review,5
user_0165,28874526,10/04/25 5:20,review,4
user_0007,25282852,13/04/25 4:54,review,5
user_0065,18438990,24/03/25 2:52,purchase,
user_0156,28768834,03/04/25 13:28,view,
user_0040,32867201,01/03/25 9:28,review,5
user_0072,32320901,04/03/25 21:42,view,
user_0053,29553912,18/04/25 23:44,purchase,
user_0102,25598296,16/03/25 16:39,review,3
user_0064,31167555,24/02/25 5:20,view,
user_0062,33198701,03/03/25 15:50,add_to_cart,
user_0196,31336476,09/03/25 18:31,review,4
user_0108,29200356,10/04/25 3:27,purchase,
user_0042,32686744,04/04/25 19:43,purchase,
user_0102,29970470,14/04/25 9:58,view,
user_0146,22194186,02/03/25 12:40,add_to_cart,
user_0008,31186993,18/03/25 21:40,review,3
user_0054,29253422,09/04/25 3:08,review,1
user_0125,2490935,12/04/25 0:44,review,2
user_0032,32047192,20/04/25 6:17,purchase,
user_0138,30250907,19/03/25 16:51,review,3
user_0025,31035553,30/03/25 18:25,purchase,
user_0167,30915962,05/03/25 8:37,purchase,
user_0184,30957763,05/04/25 12:12,add_to_cart,
user_0159,32320852,13/03/25 19:08,add_to_cart,
user_0073,29885168,26/03/25 14:07,add_to_cart,
user_0171,26616546,08/03/25 23:07,review,5
user_0057,22936226,27/02/25 8:19,add_to_cart,
user_0128,24314290,10/04/25 15:31,add_to_cart,
user_0089,31363090,14/03/25 3:24,view,
user_0104,30069287,16/03/25 5:57,add_to_cart,
user_0183,27628300,15/04/25 21:41,view,
user_0156,26517576,02/04/25 22:00,review,1
user_0196,32644225,19/04/25 21:19,purchase,
user_0039,31123050,13/03/25 12:15,view,
user_0123,30336975,21/04/25 19:42,review,3
user_0045,30254769,15/04/25 18:39,view,
user_0146,30646231,05/04/25 12:31,review,1
user_0169,14336932,18/03/25 0:19,review,2
user_0075,31690064,03/04/25 5:12,review,4
user_0056,31101983,26/02/25 1:41,review,5
user_0151,19502418,11/03/25 18:05,purchase,
user_0143,13837134,10/04/25 8:06,purchase,
user_0176,27077060,29/03/25 18:24,add_to_cart,
user_0075,31649056,31/03/25 3:03,purchase,
user_0006,17319476,21/04/25 22:10,view,
user_0108,30160270,26/03/25 23:03,purchase,
user_0119,29277424,27/02/25 8:42,review,2
user_0043,28933396,10/03/25 7:53,review,3
user_0001,31677821,20/04/25 3:57,add_to_cart,
user_0054,24039242,30/03/25 4:13,add_to_cart,
user_0075,26491560,14/03/25 0:46,add_to_cart,
user_0054,30729996,01/03/25 19:06,review,3
user_0076,26272810,20/04/25 15:10,review,2
user_0051,30525899,21/04/25 21:32,purchase,
user_0084,30250877,23/03/25 6:48,add_to_cart,
user_0146,23909580,03/03/25 10:41,purchase,
user_0066,32355692,25/02/25 4:27,view,
user_0104,27263538,31/03/25 20:39,purchase,
user_0168,32877704,12/04/25 2:09,purchase,
user_0022,30536821,09/03/25 19:10,view,
user_0066,14962324,19/03/25 18:59,view,
user_0130,30209321,02/03/25 16:15,add_to_cart,
user_0186,26917748,17/04/25 18:17,purchase,
user_0139,30195746,16/03/25 4:01,purchase,
user_0005,32826034,16/03/25 6:42,review,3
user_0054,30306455,15/04/25 20:07,view,
user_0105,21963520,22/04/25 3:29,add_to_cart,
user_0013,18838832,17/04/25 8:20,purchase,
user_0198,31238743,06/04/25 20:07,review,3
user_0013,30026556,01/04/25 10:48,purchase,
user_0106,31229749,07/03/25 4:19,purchase,
user_0170,23548010,22/02/25 14:21,add_to_cart,
user_0161,12487482,08/04/25 21:10,purchase,
user_0032,30159537,31/03/25 15:29,view,
user_0130,30026562,27/02/25 15:33,review,4
user_0185,31410617,07/03/25 2:45,add_to_cart,
user_0078,13398890,28/03/25 10:47,review,3
user_0116,29947087,28/02/25 15:11,view,
user_0061,24319178,21/03/25 10:28,add_to_cart,
user_0141,21112412,15/04/25 17:32,review,3
user_0002,32202289,13/03/25 4:50,add_to_cart,
user_0059,27115092,08/04/25 11:59,purchase,
user_0129,26098384,01/03/25 1:21,add_to_cart,
user_0055,29204078,02/04/25 9:21,review,3
user_0070,30461444,13/04/25 22:57,view,
user_0187,31058736,24/02/25 15:32,purchase,
user_0028,26696782,06/03/25 2:16,view,
user_0066,31376722,20/04/25 1:27,add_to_cart,
user_0128,21715578,02/04/25 23:37,add_to_cart,
user_0009,30307755,23/04/25 16:09,add_to_cart,
user_0155,16823510,28/03/25 20:42,review,5
user_0066,28132194,17/03/25 8:18,view,
user_0197,31565642,16/04/25 5:34,add_to_cart,
user_0013,31873132,13/03/25 0:40,add_to_cart,
user_0029,27331732,30/03/25 1:35,review,3
user_0087,13126992,22/03/25 1:42,purchase,
user_0024,18999732,14/04/25 11:57,purchase,
user_0163,27210208,08/04/25 22:21,view,
user_0078,31027809,22/04/25 5:53,view,
user_0111,31868732,02/04/25 3:34,purchase,
user_0181,22012456,10/03/25 8:49,view,
user_0036,31379765,23/02/25 14:12,add_to_cart,
user_0058,31818136,26/02/25 8:19,add_to_cart,
user_0030,31614985,04/04/25 1:08,purchase,
user_0200,19310372,03/04/25 21:23,view,
user_0107,29191804,05/03/25 10:12,purchase,
user_0109,30093605,09/04/25 9:49,view,
user_0131,31675256,16/04/25 17:02,add_to_cart,
user_0035,30194027,07/04/25 2:11,purchase,
user_0067,22846120,19/04/25 17:47,view,
user_0059,30364217,08/04/25 4:26,purchase,
user_0004,28730670,09/04/25 13:45,review,5
user_0050,20223516,09/03/25 17:33,purchase,
user_0189,30528038,29/03/25 21:05,view,
user_0123,12310166,16/03/25 17:28,view,
user_0098,27985698,01/04/25 19:00,add_to_cart,
user_0187,22799380,10/04/25 16:50,view,
user_0065,20421124,25/02/25 12:42,review,2
user_0029,30659811,15/04/25 6:09,add_to_cart,
user_0181,28549792,25/03/25 20:39,purchase,
user_0140,31799177,23/04/25 19:08,purchase,
user_0200,15201112,01/04/25 16:47,add_to_cart,
user_0061,32355692,17/03/25 23:18,purchase,
user_0118,30874697,06/04/25 0:38,review,2
user_0014,30893683,08/04/25 15:13,review,2
user_0182,19454018,03/03/25 7:20,purchase,
user_0067,20377660,10/03/25 6:43,add_to_cart,
user_0189,21089696,05/04/25 22:10,view,
user_0133,32992483,22/03/25 7:00,review,5
user_0163,31564297,20/03/25 22:12,purchase,
user_0058,28944964,27/03/25 17:12,purchase,
user_0195,22573376,10/04/25 15:15,purchase,
user_0054,31242792,15/03/25 14:30,review,4
user_0029,31236739,19/03/25 21:40,review,1
user_0196,32609737,09/03/25 11:13,purchase,
user_0171,30094468,04/04/25 0:09,purchase,
user_0042,26042974,11/03/25 17:15,review,2
user_0028,29968886,07/04/25 19:31,view,
user_0150,33169310,04/04/25 11:03,purchase,
user_0031,27873904,24/04/25 5:07,purchase,
user_0057,26202172,21/04/25 5:19,add_to_cart,
user_0064,31069856,22/04/25 18:22,purchase,
user_0005,12304356,11/03/25 17:14,review,2
user_0177,30435332,28/03/25 19:08,view,
user_0009,26565544,03/04/25 3:20,purchase,
user_0098,27278350,14/04/25 3:13,purchase,
user_0030,26272782,16/03/25 11:28,review,1
user_0105,26439694,09/04/25 8:13,review,3
user_0111,32253804,25/02/25 13:38,add_to_cart,
user_0190,25827478,01/03/25 9:59,add_to_cart,
user_0015,25857854,10/03/25 17:47,view,
user_0066,30037137,07/03/25 7:35,review,1
user_0191,12150012,17/04/25 1:09,review,4
user_0072,20842618,26/03/25 7:53,review,4
user_0071,18195668,05/03/25 5:49,purchase,
user_0006,29701568,06/04/25 1:34,purchase,
user_0039,25724950,02/04/25 4:13,add_to_cart,
user_0105,27305820,28/03/25 12:21,review,2
user_0189,24615744,19/04/25 9:11,add_to_cart,
user_0074,33124750,23/04/25 12:43,review,2
user_0069,30126979,23/03/25 1:40,view,
user_0080,31598877,18/04/25 11:27,add_to_cart,
user_0166,31391433,02/04/25 5:50,add_to_cart,
user_0132,26428808,29/03/25 10:23,review,5
user_0115,19730108,12/04/25 9:11,add_to_cart,
user_0135,32704020,15/04/25 9:57,purchase,
user_0110,31275317,16/03/25 15:37,add_to_cart,
user_0039,32169575,07/04/25 3:46,review,4
user_0065,29454716,14/04/25 23:57,view,
user_0139,24860490,11/04/25 10:58,review,2
user_0035,31412872,14/04/25 3:55,review,5
user_0028,30495284,14/03/25 13:12,view,
user_0110,27226278,17/03/25 4:25,purchase,
user_0009,30114867,03/04/25 19:15,view,
user_0003,24039242,22/02/25 20:17,purchase,
user_0098,29946579,15/04/25 22:47,add_to_cart,
user_0120,33429750,01/04/25 16:34,review,3
user_0059,31118033,20/03/25 20:58,add_to_cart,
user_0026,4149449,17/03/25 6:56,purchase,
user_0193,30191863,21/03/25 3:45,purchase,
user_0022,16079266,13/03/25 3:42,review,1
user_0097,32047344,07/03/25 5:14,add_to_cart,
user_0101,32494760,20/03/25 22:14,review,1
user_0020,30677917,11/04/25 6:36,view,
user_0186,30010364,11/03/25 12:51,add_to_cart,
user_0094,28003748,17/03/25 16:33,review,3
user_0152,32348559,21/03/25 22:16,purchase,
user_0132,31326594,12/03/25 0:44,purchase,
user_0179,30970030,11/03/25 13:05,add_to_cart,
user_0054,32413295,27/03/25 2:31,purchase,
user_0138,27413054,06/03/25 11:40,view,
user_0128,32846972,22/03/25 23:47,add_to_cart,
user_0055,30475242,25/02/25 9:58,review,1
user_0123,25115518,27/02/25 13:25,purchase,
user_0177,31537764,16/03/25 19:37,purchase,
user_0130,31394271,17/04/25 13:22,purchase,
user_0057,31731449,01/04/25 15:47,review,2
user_0104,27192362,30/03/25 14:09,view,
user_0038,14424510,26/02/25 4:10,review,2
user_0072,30646238,03/03/25 2:35,review,4
user_0103,30616583,22/04/25 15:40,add_to_cart,
user_0171,13185122,04/04/25 8:15,view,
user_0187,32339992,11/03/25 5:53,purchase,
user_0157,16938306,25/02/25 14:28,purchase,
user_0043,29388060,22/02/25 22:44,purchase,
user_0078,29847222,04/03/25 18:20,review,2
user_0037,32991633,06/04/25 1:22,purchase,
user_0160,31992227,21/04/25 4:28,review,4
user_0137,22239382,14/04/25 6:35,add_to_cart,
user_0010,32349770,07/03/25 20:58,review,3
user_0019,28489280,21/04/25 20:39,purchase,
user_0071,25787972,16/04/25 9:36,add_to_cart,
user_0004,31239982,29/03/25 7:01,view,
user_0106,6553317,08/03/25 13:46,add_to_cart,
user_0010,19996116,05/04/25 20:36,purchase,
user_0191,15400604,28/02/25 18:37,add_to_cart,
user_0126,27329778,02/04/25 0:19,add_to_cart,
user_0077,13732324,11/03/25 8:26,review,1
user_0126,29239762,18/04/25 9:20,purchase,
user_0011,30860721,27/02/25 3:58,add_to_cart,
user_0186,33525126,28/02/25 22:00,add_to_cart,
user_0182,30155139,25/03/25 9:54,add_to_cart,
user_0132,33111191,04/04/25 18:04,purchase,
user_0195,30992896,07/03/25 1:58,view,
user_0027,31363162,17/04/25 4:10,purchase,
user_0199,22055640,20/04/25 14:39,view,
user_0133,29985649,11/04/25 18:54,review,5
user_0137,31260821,23/04/25 11:43,review,3
user_0196,32355606,26/03/25 16:04,review,2
user_0138,24340898,29/03/25 15:47,view,
user_0183,29232132,26/03/25 12:28,view,
user_0103,31966387,27/02/25 23:04,view,
user_0177,32378167,23/02/25 1:38,view,
user_0039,31319096,23/04/25 13:01,view,
user_0034,32854355,31/03/25 1:54,view,
user_0118,26042872,22/03/25 20:21,add_to_cart,
user_0119,32550253,17/04/25 15:50,view,
user_0133,32000993,08/04/25 15:56,review,5
user_0053,27794004,30/03/25 17:48,purchase,
user_0118,25100360,05/04/25 11:45,review,5
user_0123,33426357,20/04/25 12:36,purchase,
user_0152,29885240,27/03/25 12:11,review,1
user_0084,29021816,18/04/25 20:51,purchase,
user_0009,17540982,23/03/25 5:53,purchase,
user_0108,26680324,16/04/25 14:39,review,2
user_0145,32628691,30/03/25 23:02,review,5
user_0068,30243945,04/04/25 11:29,review,3
user_0083,11607044,11/03/25 12:06,purchase,
user_0115,27135244,04/03/25 9:23,review,1
user_0107,19456554,07/03/25 11:26,add_to_cart,
user_0092,24340912,18/03/25 3:38,review,4
user_0031,29585822,25/02/25 18:06,view,
user_0082,26105542,08/03/25 7:36,view,
user_0037,30473917,14/04/25 9:39,view,
user_0131,32576533,14/04/25 13:13,add_to_cart,
user_0038,30390555,05/03/25 16:06,view,
user_0184,29606058,31/03/25 12:42,purchase,
user_0092,30158105,03/03/25 6:20,add_to_cart,
user_0079,22677784,22/03/25 2:34,purchase,
user_0036,29203552,29/03/25 23:06,view,
user_0187,31808338,29/03/25 7:44,review,3
user_0169,31411709,28/03/25 0:04,view,
user_0129,29943299,25/03/25 15:32,view,
user_0173,30852698,18/03/25 15:26,view,
user_0134,32484543,18/03/25 14:41,view,
user_0114,29793364,25/03/25 11:06,review,2
user_0131,30206800,12/03/25 17:13,review,1
user_0032,28161294,08/04/25 2:11,purchase,
user_0183,31939464,28/02/25 8:42,view,
user_0035,13572930,25/03/25 10:06,view,
user_0164,30256928,23/02/25 3:47,view,
user_0158,28553610,04/04/25 15:17,view,
user_0140,14393542,18/04/25 9:56,view,
user_0088,32916264,15/03/25 17:35,purchase,
user_0147,32790592,08/03/25 2:14,add_to_cart,
user_0084,29930951,23/03/25 11:16,review,2
user_0102,24393396,18/03/25 8:15,add_to_cart,
user_0083,29454970,30/03/25 0:01,add_to_cart,
user_0028,26885168,09/03/25 8:00,review,4
user_0116,31386746,31/03/25 8:33,add_to_cart,
user_0143,32586349,29/03/25 20:45,purchase,
user_0114,26162838,13/03/25 9:34,add_to_cart,
user_0198,27506954,04/04/25 1:13,review,5
user_0110,32016883,13/04/25 2:31,purchase,
user_0199,24633404,20/04/25 11:39,review,1
user_0167,30525894,07/03/25 18:26,view,
user_0104,22043140,15/03/25 22:38,view,
user_0043,29034746,27/02/25 9:26,review,5
user_0159,29034472,13/04/25 22:27,review,4
user_0089,27688814,30/03/25 11:20,purchase,
user_0083,28132172,29/03/25 1:00,view,
user_0191,30702130,27/02/25 3:17,add_to_cart,
user_0179,28933406,10/03/25 22:42,purchase,
user_0096,30884092,11/03/25 3:11,add_to_cart,
user_0174,28408310,24/03/25 18:20,view,
user_0101,30944523,05/04/25 23:13,purchase,
user_0057,19347868,13/03/25 5:05,purchase,
user_0103,25971282,18/04/25 6:09,purchase,
user_0016,31472796,12/04/25 3:26,view,
user_0123,32367481,05/03/25 10:00,review,5
user_0076,31999025,23/02/25 5:52,review,5
user_0070,4438814,22/04/25 7:31,add_to_cart,
user_0033,27845832,14/03/25 16:08,view,
user_0094,32467239,04/03/25 19:25,review,4
user_0078,32536556,14/03/25 20:21,purchase,
user_0014,31584469,07/04/25 13:17,add_to_cart,
user_0112,23129838,16/03/25 21:31,review,2
user_0134,25940088,28/03/25 3:07,review,5
user_0001,30770093,16/03/25 8:40,purchase,
user_0126,25345270,29/03/25 10:55,add_to_cart,
user_0115,30319655,22/02/25 21:34,review,4
user_0072,31184762,12/03/25 11:27,review,3
user_0137,30655913,12/03/25 11:06,view,
user_0009,30096955,23/04/25 22:31,view,
user_0023,30849917,16/04/25 22:35,view,
user_0090,30866964,26/02/25 9:44,review,3
user_0167,26000226,12/04/25 0:59,add_to_cart,
user_0037,29876526,16/03/25 5:26,add_to_cart,
user_0168,30063726,05/04/25 6:52,purchase,
user_0053,30978741,05/03/25 0:29,add_to_cart,
user_0095,32628695,15/04/25 21:25,review,1
user_0159,30152396,16/04/25 21:21,view,
user_0135,24472210,21/03/25 6:51,view,
user_0139,32523542,15/04/25 0:14,add_to_cart,
user_0017,18336902,16/03/25 21:15,add_to_cart,
user_0044,31831937,13/03/25 12:43,add_to_cart,
user_0089,13126944,02/04/25 1:53,purchase,
user_0146,25816362,16/04/25 11:37,purchase,
user_0107,32983196,29/03/25 16:34,purchase,
user_0067,30887727,30/03/25 1:12,review,1
user_0088,33228249,15/03/25 4:30,view,
user_0074,31168103,21/04/25 19:21,view,
user_0021,31302072,23/02/25 10:55,view,
user_0023,29555430,15/04/25 17:38,add_to_cart,
user_0100,26076946,05/04/25 7:38,review,2
user_0155,22845514,20/03/25 11:52,view,
user_0200,31808321,11/04/25 16:21,view,
user_0139,31891068,26/02/25 20:41,add_to_cart,
user_0036,23720342,15/03/25 0:06,view,
user_0163,12104298,16/04/25 7:51,view,
user_0186,29850120,13/03/25 9:10,purchase,
user_0018,30073458,09/03/25 0:41,review,4
user_0148,24957618,28/02/25 2:15,purchase,
user_0175,31650522,03/03/25 19:37,view,
user_0166,25898458,03/03/25 22:45,review,1
user_0094,27316014,10/03/25 15:46,add_to_cart,
user_0185,31235919,12/03/25 21:15,review,1
user_0081,30257319,07/04/25 1:38,add_to_cart,
user_0156,29882864,01/04/25 17:55,review,3
user_0078,29985697,09/03/25 3:36,view,
user_0139,18171602,03/03/25 13:40,purchase,
user_0092,25767600,04/03/25 17:39,view,
user_0043,29194740,17/04/25 19:16,review,3
user_0074,30872927,14/03/25 9:06,purchase,
user_0146,29953119,01/03/25 6:35,view,
user_0022,30846563,10/03/25 19:51,purchase,
user_0006,27802220,02/04/25 2:34,add_to_cart,
user_0023,31242843,21/03/25 1:09,view,
user_0093,32355736,04/04/25 21:30,purchase,
user_0005,30691965,25/02/25 14:58,add_to_cart,
user_0043,26103406,03/04/25 20:35,purchase,
user_0027,25081166,03/03/25 7:30,view,
user_0120,32085907,24/02/25 20:47,purchase,
user_0184,32486611,20/04/25 17:29,view,
user_0098,30287907,30/03/25 8:10,add_to_cart,
user_0021,27242906,08/04/25 2:13,review,3
user_0065,31112631,17/04/25 1:27,review,2
user_0140,31356283,13/03/25 4:32,purchase,
user_0064,28730640,14/03/25 11:19,purchase,
user_0066,17212120,06/03/25 6:07,purchase,
user_0187,31571969,18/03/25 5:30,review,4
user_0026,26292202,20/04/25 21:46,purchase,
user_0079,29970469,08/03/25 22:45,review,3
user_0152,32218222,19/04/25 23:25,purchase,
user_0060,27867656,26/03/25 8:50,purchase,
user_0119,22241944,18/04/25 22:48,purchase,
user_0064,30698528,05/03/25 20:28,review,4
user_0083,32422452,09/03/25 22:45,review,3
user_0080,33039345,26/02/25 2:47,view,
user_0033,21537736,28/03/25 0:32,add_to_cart,
user_0030,21285990,20/03/25 16:06,add_to_cart,
user_0050,31736373,08/03/25 2:21,view,
user_0179,32465216,13/04/25 13:54,view,
user_0111,11650976,13/03/25 18:30,purchase,
user_0009,25860988,21/03/25 19:08,view,
user_0031,13621468,03/03/25 22:50,purchase,
user_0167,33188634,03/03/25 22:38,add_to_cart,
user_0062,27984944,25/02/25 3:04,view,
user_0139,31434750,05/04/25 14:53,purchase,
user_0081,29947623,21/03/25 14:56,add_to_cart,
user_0014,26043530,10/03/25 23:10,review,4
user_0093,32357795,23/02/25 15:23,purchase,
user_0102,29705592,31/03/25 6:11,view,
user_0094,33114200,05/03/25 20:30,view,
user_0081,27273950,31/03/25 18:47,purchase,
user_0095,30575868,15/03/25 6:51,view,
user_0084,24297226,16/03/25 11:57,review,1
user_0039,11017730,17/04/25 20:13,view,
user_0162,23836574,13/04/25 11:08,purchase,
user_0116,31434533,17/04/25 20:45,purchase,
user_0099,31218713,07/03/25 17:13,view,
user_0127,26086292,03/04/25 19:31,purchase,
user_0038,30403080,19/04/25 22:45,view,
user_0105,21105760,27/03/25 11:46,review,4
user_0011,15701804,10/04/25 20:41,purchase,
user_0065,12454386,30/03/25 11:33,review,3
user_0183,31222292,05/04/25 0:37,purchase,
user_0189,29705592,25/02/25 18:46,view,
user_0185,23138474,21/03/25 3:13,add_to_cart,
user_0095,27435294,15/04/25 23:20,view,
user_0022,29947048,09/03/25 21:16,purchase,
user_0125,21188240,22/04/25 14:15,purchase,
user_0110,31625626,27/03/25 15:20,review,4
user_0019,32722434,01/04/25 20:57,add_to_cart,
user_0183,28799114,21/04/25 23:58,purchase,
user_0043,28465128,07/04/25 9:14,purchase,
user_0094,30931479,23/02/25 9:13,view,
user_0159,2339841,12/04/25 7:58,purchase,
user_0090,29820482,17/03/25 11:12,review,4
user_0085,27354266,15/03/25 15:17,review,2
user_0011,30409173,15/04/25 11:40,review,1
user_0152,32332912,25/02/25 14:13,review,2
user_0199,30591588,27/02/25 13:27,view,
user_0106,31386867,09/04/25 9:02,purchase,
user_0066,25947988,23/02/25 17:50,add_to_cart,
user_0155,33452717,03/03/25 13:07,purchase,
user_0094,28048988,09/04/25 13:35,add_to_cart,
user_0071,26909848,07/04/25 13:55,view,
user_0062,29044860,10/04/25 14:54,review,4
user_0117,25901970,22/02/25 23:47,view,
user_0015,31436122,24/03/25 14:10,view,
user_0181,30524172,19/03/25 2:50,view,
user_0163,27102220,24/02/25 11:19,review,2
user_0195,30528038,08/04/25 6:23,add_to_cart,
user_0057,22644022,16/04/25 18:12,review,4
user_0047,32722093,17/04/25 4:43,purchase,
user_0086,20421124,10/04/25 5:44,purchase,
user_0003,32047232,22/02/25 19:09,add_to_cart,
user_0068,29277700,06/03/25 12:55,add_to_cart,
user_0019,24212406,22/04/25 11:13,add_to_cart,
user_0099,32228462,16/03/25 23:29,add_to_cart,
user_0156,29148290,03/03/25 16:28,view,
user_0107,31359045,04/04/25 13:19,review,5
user_0001,13126944,15/04/25 17:54,purchase,
user_0095,29875588,12/04/25 12:08,view,
user_0024,31319096,08/04/25 14:29,add_to_cart,
user_0029,23237820,02/04/25 14:36,view,
user_0009,31027983,17/03/25 4:20,review,5
user_0127,28967190,25/02/25 11:59,purchase,
user_0121,26432960,05/04/25 2:21,review,5
user_0165,25374308,22/03/25 3:36,purchase,
user_0042,30779591,20/04/25 1:18,add_to_cart,
user_0190,31496862,07/04/25 2:17,purchase,
user_0125,30926410,03/04/25 0:18,review,1
user_0112,29482758,28/03/25 14:30,review,5
user_0076,16514754,28/03/25 22:19,add_to_cart,
user_0012,31425878,23/02/25 11:49,review,4
user_0010,17990342,14/04/25 13:46,review,4
user_0062,31020879,05/03/25 12:26,add_to_cart,
user_0111,18199958,20/04/25 14:10,add_to_cart,
user_0018,33378481,21/04/25 18:28,review,5
user_0158,30158775,08/04/25 22:28,add_to_cart,
user_0027,31101771,19/03/25 10:55,review,1
user_0197,26103406,13/03/25 10:26,add_to_cart,
user_0181,32722434,30/03/25 22:32,review,3
user_0115,17329074,22/04/25 23:36,purchase,
user_0013,26095870,17/03/25 9:47,review,3
user_0188,32815921,08/03/25 5:55,add_to_cart,
user_0152,31006301,18/03/25 16:19,add_to_cart,
user_0130,33223808,06/04/25 8:48,purchase,
user_0003,33035207,03/04/25 2:12,purchase,
user_0004,30493771,17/03/25 16:53,view,
user_0073,28271408,20/04/25 7:07,add_to_cart,
user_0172,30682740,12/04/25 1:59,add_to_cart,
user_0172,29977792,16/04/25 18:48,view,
user_0182,30977816,12/04/25 3:47,review,5
user_0006,30992908,04/03/25 11:28,view,
user_0043,31012257,06/03/25 18:00,purchase,
user_0144,31926543,29/03/25 18:07,purchase,
user_0138,12180554,03/03/25 7:06,purchase,
user_0122,17064320,25/03/25 11:19,purchase,
user_0032,22359990,10/04/25 2:16,view,
user_0002,23043670,17/04/25 4:34,purchase,
user_0037,32997669,26/02/25 9:05,purchase,
user_0059,29021806,03/04/25 15:09,review,4
user_0115,10968502,28/03/25 14:44,purchase,
user_0025,31875237,08/03/25 22:47,add_to_cart,
user_0025,31428048,15/04/25 21:25,view,
user_0055,27873904,23/04/25 13:07,view,
user_0182,28000556,21/03/25 5:44,purchase,
user_0012,28730670,05/04/25 23:01,add_to_cart,
user_0012,30525522,18/03/25 23:42,purchase,
user_0149,33519207,10/03/25 1:11,add_to_cart,
user_0002,32566277,21/04/25 2:25,add_to_cart,
user_0079,21416040,20/03/25 22:04,view,
user_0162,30403802,06/04/25 6:37,purchase,
user_0150,22311506,22/03/25 7:08,add_to_cart,
user_0090,24943466,20/03/25 8:34,add_to_cart,
user_0059,9205397,07/04/25 22:34,add_to_cart,
user_0181,31451648,07/03/25 23:00,purchase,
user_0155,28337512,26/03/25 0:57,add_to_cart,
user_0081,30290861,16/04/25 22:58,purchase,
user_0146,31552934,26/02/25 8:54,purchase,
user_0104,26282206,10/04/25 20:14,purchase,
user_0121,24972700,21/04/25 3:01,add_to_cart,
user_0022,2290975,06/04/25 18:07,purchase,
user_0094,31934442,02/04/25 22:40,review,1
user_0091,31257634,10/04/25 19:41,review,4
user_0166,27362234,19/03/25 12:57,add_to_cart,
user_0158,32439040,27/02/25 21:05,purchase,
user_0200,29440192,22/04/25 10:09,view,
user_0188,25986482,26/02/25 6:34,review,4
user_0133,29554974,23/03/25 16:41,add_to_cart,
user_0101,26272794,03/03/25 8:32,purchase,
user_0065,25120374,02/03/25 22:36,purchase,
user_0036,32045387,31/03/25 15:43,review,1
user_0108,24378860,03/04/25 12:23,view,
user_0076,25813734,06/03/25 13:24,view,
user_0200,30161724,12/04/25 5:24,review,1
user_0022,22420446,23/03/25 11:41,review,2
user_0051,31930484,02/04/25 7:31,review,1
user_0138,30492344,23/04/25 9:46,purchase,
user_0035,31425851,03/03/25 22:42,purchase,
user_0199,25750010,24/02/25 4:52,purchase,
user_0197,31386857,15/04/25 7:25,view,
user_0016,31842431,10/03/25 1:19,add_to_cart,
user_0172,31101834,17/04/25 16:15,add_to_cart,
user_0131,32755428,03/04/25 8:03,review,2
user_0127,24041070,11/03/25 23:34,add_to_cart,
user_0023,32234378,23/03/25 2:51,review,5
user_0142,26611376,02/04/25 2:47,purchase,
user_0133,31174869,17/03/25 3:47,purchase,
user_0069,29953260,10/03/25 18:05,add_to_cart,
user_0094,32014528,14/03/25 3:06,add_to_cart,
user_0045,18297944,16/04/25 10:33,purchase,
user_0034,29233600,26/03/25 2:08,add_to_cart,
user_0026,13607132,06/03/25 8:20,add_to_cart,
user_0111,31346240,03/04/25 20:16,add_to_cart,
user_0167,17990062,25/02/25 6:58,purchase,
user_0135,31736275,01/03/25 5:11,view,
user_0134,25393064,25/03/25 5:37,view,
user_0068,24800348,12/04/25 9:08,review,2
user_0054,2339841,13/04/25 16:53,purchase,
user_0096,30007349,14/03/25 11:48,review,1
user_0133,23788116,03/04/25 18:25,view,
user_0065,18960014,19/04/25 6:48,purchase,
user_0091,32409354,10/04/25 17:31,purchase,
user_0090,24297226,25/03/25 11:37,purchase,
user_0102,32755431,09/03/25 12:03,add_to_cart,
user_0043,18289868,25/03/25 21:46,view,
user_0165,23884180,09/03/25 11:24,review,1
user_0028,32281012,28/03/25 14:14,add_to_cart,
user_0149,23513030,30/03/25 12:51,purchase,
user_0076,30824649,03/03/25 8:49,review,4
user_0195,19761204,22/02/25 22:10,add_to_cart,
user_0176,32230827,24/03/25 8:41,view,
user_0112,17357498,23/02/25 17:36,view,
user_0049,27094306,14/03/25 16:27,view,
user_0008,32385489,20/04/25 20:55,purchase,
user_0128,31270449,25/03/25 19:30,add_to_cart,
user_0055,25087972,22/04/25 5:28,purchase,
user_0052,30195738,10/03/25 13:41,purchase,
user_0050,27372320,03/03/25 7:57,review,3
user_0199,14637754,02/03/25 19:32,view,
user_0192,33436464,14/04/25 21:50,view,
user_0017,14393542,11/03/25 7:33,add_to_cart,
user_0154,28768850,28/02/25 1:25,view,
user_0088,24476154,26/03/25 14:51,add_to_cart,
user_0130,32138249,01/03/25 12:59,review,3
user_0137,13852256,09/04/25 5:41,add_to_cart,
user_0184,26206264,05/03/25 4:29,add_to_cart,
user_0053,30818338,04/04/25 16:04,review,3
user_0126,31869556,01/03/25 0:13,review,4
user_0094,21451152,31/03/25 6:29,review,5
user_0013,31614987,28/02/25 23:26,review,5
user_0024,31322464,24/02/25 1:08,view,
user_0005,23733554,23/03/25 9:38,purchase,
user_0150,32026734,03/04/25 16:49,view,
user_0183,20344134,03/04/25 19:28,purchase,
user_0171,27040534,10/03/25 4:49,review,4
user_0042,31496322,20/04/25 14:08,view,
user_0159,29051806,02/04/25 17:10,review,5
user_0026,29534134,20/03/25 7:17,purchase,
user_0066,31926613,14/04/25 23:03,purchase,
user_0057,31239254,21/03/25 16:16,purchase,
user_0127,24483398,23/04/25 6:28,view,
user_0139,11208306,11/04/25 10:00,purchase,
user_0119,29459076,30/03/25 10:30,purchase,
user_0184,31177053,03/03/25 5:00,purchase,
user_0050,29873209,02/03/25 6:16,purchase,
user_0014,30845306,22/03/25 7:44,purchase,
user_0062,13032150,02/04/25 22:17,view,
user_0136,29440192,23/02/25 15:12,review,3
user_0118,32530702,14/04/25 6:07,review,4
user_0011,13859602,04/04/25 16:43,view,
user_0196,29021816,05/04/25 13:33,purchase,
user_0177,30659823,23/03/25 8:45,review,1
user_0064,12277574,13/04/25 11:22,view,
user_0004,30527781,13/03/25 9:38,review,1
user_0045,30704663,02/03/25 0:07,view,
user_0134,29844145,28/03/25 4:17,add_to_cart,
user_0158,31150043,18/03/25 10:16,view,
user_0200,33175935,20/03/25 18:36,view,
user_0185,33074925,22/04/25 13:21,view,
user_0115,20380312,23/04/25 6:58,purchase,
user_0018,22194192,10/04/25 21:21,purchase,
user_0122,24329394,02/04/25 3:52,purchase,
user_0159,31313264,22/02/25 14:43,view,
user_0181,16265188,27/03/25 8:23,purchase,
user_0119,23168066,06/04/25 0:51,purchase,
user_0120,29937951,27/02/25 20:43,purchase,
user_0095,29312748,23/02/25 0:03,purchase,
user_0004,27460646,22/02/25 13:54,view,
user_0051,31871474,25/02/25 0:40,purchase,
user_0032,30461446,18/04/25 22:16,view,
user_0045,31411860,15/04/25 10:05,view,
user_0194,31625979,15/03/25 16:30,add_to_cart,
user_0060,17091614,03/03/25 10:19,purchase,
user_0099,26752752,13/03/25 4:54,view,
user_0066,30246000,12/03/25 17:40,add_to_cart,
user_0123,30063263,28/03/25 22:05,purchase,
user_0004,31486346,26/03/25 21:22,add_to_cart,
user_0169,31174856,04/03/25 19:33,view,
user_0101,30290861,19/03/25 11:59,view,
user_0054,30074831,20/03/25 6:20,purchase,
user_0040,27192362,31/03/25 22:31,purchase,
user_0175,2167365,13/03/25 3:49,review,4
user_0178,31235919,28/03/25 9:54,add_to_cart,
user_0167,31027789,18/03/25 9:24,view,
user_0026,32253724,03/04/25 20:25,view,
user_0076,27922118,03/03/25 13:35,add_to_cart,
user_0075,13392354,03/03/25 21:48,add_to_cart,
user_0192,24752004,24/02/25 13:52,purchase,
user_0049,29947779,09/03/25 8:28,review,4
user_0199,17936086,14/03/25 8:08,purchase,
user_0004,29885155,02/03/25 13:45,add_to_cart,
user_0162,31483624,06/03/25 7:06,view,
user_0113,30158105,15/04/25 19:20,view,
user_0086,28023092,01/03/25 11:49,view,
user_0152,32799194,02/04/25 13:02,purchase,
user_0122,31973193,20/04/25 23:17,view,
user_0043,16519904,10/04/25 14:04,view,
user_0155,23348606,03/03/25 8:22,add_to_cart,
user_0045,32959084,01/03/25 16:27,purchase,
user_0068,27989780,27/03/25 6:11,view,
user_0094,29330636,14/03/25 17:32,add_to_cart,
user_0143,31926560,10/03/25 19:09,view,
user_0046,33053776,25/03/25 4:33,add_to_cart,
user_0017,31275219,14/03/25 15:44,view,
user_0194,26530934,20/04/25 3:51,review,1
user_0190,32694108,24/03/25 9:43,add_to_cart,
user_0154,26898864,23/03/25 11:32,review,1
user_0026,20557978,08/03/25 4:25,add_to_cart,
user_0165,30034753,27/03/25 23:25,purchase,
user_0147,32320901,03/03/25 19:16,purchase,
user_0068,31676897,26/02/25 11:48,purchase,
user_0079,27850292,22/04/25 21:11,view,
user_0144,23370004,14/04/25 6:44,add_to_cart,
user_0072,31036717,11/04/25 0:09,add_to_cart,
user_0050,31058737,23/02/25 6:08,add_to_cart,
user_0087,30790184,01/04/25 11:34,purchase,
user_0056,28054214,22/04/25 3:33,review,4
user_0100,31473749,11/04/25 17:22,purchase,
user_0108,26264106,16/04/25 22:01,add_to_cart,
user_0106,29920352,05/04/25 5:40,view,
user_0028,32231148,21/03/25 8:28,review,5
user_0019,32849423,10/03/25 5:57,add_to_cart,
user_0138,29958645,23/04/25 17:17,purchase,
user_0008,24340890,30/03/25 12:43,add_to_cart,
user_0182,31428041,12/03/25 9:47,review,5
user_0016,32179596,23/02/25 9:56,purchase,
user_0091,16016374,20/04/25 15:56,add_to_cart,
user_0052,29969450,20/03/25 2:21,purchase,
user_0133,32842821,17/04/25 19:22,review,2
user_0139,21387146,14/03/25 19:42,purchase,
user_0150,24147606,07/04/25 18:59,add_to_cart,
user_0058,26959580,21/03/25 4:08,view,
user_0017,26858810,23/03/25 10:13,add_to_cart,
user_0197,21265050,13/04/25 11:49,review,2
user_0131,31596776,30/03/25 5:16,review,5
user_0177,23934078,09/03/25 9:14,add_to_cart,
user_0085,31810547,09/04/25 1:42,review,1
user_0169,31753411,03/04/25 9:35,purchase,
user_0161,30141336,13/04/25 15:06,add_to_cart,
user_0006,31140046,13/03/25 19:02,review,3
user_0179,33186059,07/03/25 3:28,review,2
user_0133,32609737,12/03/25 1:36,view,
user_0135,32321233,06/04/25 20:46,add_to_cart,
user_0080,28282856,08/04/25 4:35,view,
user_0183,30279193,11/03/25 18:22,add_to_cart,
user_0198,30997357,12/04/25 5:49,add_to_cart,
user_0178,29872810,02/03/25 6:26,add_to_cart,
user_0081,17672128,17/03/25 20:51,add_to_cart,
user_0159,31386994,28/03/25 17:44,review,5
user_0004,32819701,31/03/25 1:04,view,
user_0141,12384416,29/03/25 10:37,purchase,
user_0159,29001200,22/04/25 19:42,purchase,
user_0131,30161702,18/04/25 13:18,review,3
user_0027,30715795,23/02/25 7:14,view,
user_0140,26959410,03/04/25 12:14,view,
user_0096,32816679,19/03/25 11:06,review,2
user_0184,23876936,18/04/25 22:25,add_to_cart,
user_0072,25589018,17/04/25 1:02,add_to_cart,
user_0061,26648706,28/03/25 1:05,add_to_cart,
user_0047,31697200,12/03/25 16:41,add_to_cart,
user_0191,27688814,18/04/25 3:32,view,
user_0093,26831246,21/03/25 16:17,add_to_cart,
user_0059,31100078,08/04/25 19:34,purchase,
user_0109,21849584,27/03/25 18:35,view,
user_0101,33610953,06/04/25 5:11,add_to_cart,
user_0071,24341748,09/03/25 2:11,review,3
user_0142,25652456,01/03/25 0:08,view,
user_0081,19470562,11/03/25 0:11,add_to_cart,
user_0014,29949844,12/03/25 15:37,view,
user_0112,25335028,18/04/25 13:32,purchase,
user_0170,32965015,20/03/25 16:33,review,3
user_0129,30770093,23/04/25 13:19,view,
user_0072,18114068,12/04/25 2:19,review,4
user_0158,31355364,16/04/25 12:29,purchase,
user_0076,32793276,07/03/25 11:42,view,
user_0017,30495328,27/03/25 14:34,review,1
user_0169,31690141,25/03/25 0:36,view,
user_0026,32555048,09/03/25 16:01,view,
user_0112,21767244,02/04/25 10:22,purchase,
user_0031,16265188,11/04/25 1:57,purchase,
user_0192,32660204,16/04/25 14:49,view,
user_0034,25827760,07/04/25 3:58,view,
user_0079,11986128,22/04/25 14:31,purchase,
user_0096,31451647,07/03/25 10:47,purchase,
user_0178,31175612,17/04/25 19:43,view,
user_0085,27210210,16/03/25 13:23,add_to_cart,
user_0010,33039345,26/02/25 16:23,purchase,
user_0030,31634364,23/02/25 3:34,review,4
user_0040,25588948,24/04/25 5:13,add_to_cart,
user_0126,15290402,09/03/25 12:18,review,5
user_0199,27263538,01/04/25 4:10,view,
user_0158,27352140,24/02/25 22:08,view,
user_0094,24558200,17/03/25 16:30,add_to_cart,
user_0034,32316839,16/03/25 5:32,purchase,
user_0035,30620959,20/04/25 14:45,review,5
user_0018,32008720,02/03/25 22:24,purchase,
user_0016,23456592,04/04/25 8:20,purchase,
user_0152,29896816,30/03/25 1:18,view,
user_0167,31808691,02/04/25 4:23,add_to_cart,
user_0197,31376722,02/04/25 20:29,purchase,
user_0029,31483282,23/04/25 18:22,review,5
user_0200,30538139,10/04/25 5:39,view,
user_0100,16515134,08/03/25 8:53,add_to_cart,
user_0098,25754990,19/04/25 8:38,view,
user_0034,22469594,22/02/25 22:38,review,1
user_0032,15253350,21/04/25 11:23,view,
user_0157,32857545,01/03/25 23:15,view,
user_0119,31773220,18/03/25 1:07,add_to_cart,
user_0160,28978918,16/04/25 12:17,view,
user_0193,31387043,21/03/25 4:08,view,
user_0139,21771498,27/02/25 23:41,purchase,
user_0084,23168066,20/04/25 22:08,add_to_cart,
user_0058,29885210,23/04/25 19:08,view,
user_0147,24543422,11/03/25 21:14,add_to_cart,
user_0126,19904884,16/04/25 5:41,view,
user_0187,21934358,24/02/25 17:14,add_to_cart,
user_0151,32713097,20/03/25 7:09,view,
user_0045,30705964,17/03/25 15:31,purchase,
user_0104,18951910,26/03/25 20:08,review,5
user_0131,21390792,07/03/25 5:19,review,2
user_0053,12919586,28/02/25 8:41,review,1
user_0112,25228876,20/03/25 16:08,review,3
user_0199,32281012,17/04/25 10:53,view,
user_0023,27134894,12/03/25 1:27,add_to_cart,
user_0007,30426839,22/03/25 11:03,review,4
user_0080,18374348,21/04/25 2:53,purchase,
user_0136,11542062,12/03/25 21:09,view,
user_0024,30084788,26/02/25 22:44,purchase,
user_0026,31123270,20/03/25 1:17,add_to_cart,
user_0105,20226160,23/02/25 7:44,view,
user_0120,25774282,06/03/25 19:51,purchase,
user_0110,26571018,26/02/25 21:33,view,
user_0179,20616372,17/04/25 1:27,purchase,
user_0170,23563012,14/04/25 1:55,add_to_cart,
user_0193,31842183,30/03/25 13:07,review,3
user_0127,33192950,11/03/25 22:22,review,1
user_0080,30257324,11/04/25 23:53,review,2
user_0079,12377258,31/03/25 7:17,review,3
user_0169,29758198,01/03/25 8:17,purchase,
user_0079,21150334,07/03/25 11:17,review,2
user_0045,31028293,01/04/25 19:40,view,
user_0012,31218708,03/04/25 0:15,review,4
user_0097,30493773,16/04/25 9:34,add_to_cart,
user_0130,31087454,26/02/25 15:12,review,3
user_0026,32467418,14/04/25 17:46,review,2
user_0170,32217324,31/03/25 3:18,purchase,
user_0152,19760228,12/04/25 20:11,purchase,
user_0185,31622038,04/04/25 5:02,view,
user_0190,24585854,11/03/25 19:39,view,
user_0061,18153750,26/02/25 6:17,add_to_cart,
user_0046,20611734,01/04/25 6:44,purchase,
user_0051,26697820,14/04/25 13:18,add_to_cart,
user_0122,30257315,14/04/25 16:55,view,
user_0137,26948852,23/04/25 11:43,review,5
user_0035,28978918,15/04/25 7:42,review,4
user_0050,24997812,03/03/25 4:57,view,
user_0154,25414972,28/03/25 18:43,review,1
user_0076,27867502,24/03/25 16:57,purchase,
user_0019,27332018,30/03/25 4:52,add_to_cart,
user_0180,30352515,02/04/25 8:07,view,
user_0108,30659823,08/03/25 5:08,add_to_cart,
user_0099,30291119,05/04/25 14:02,add_to_cart,
user_0092,31297740,09/03/25 7:55,purchase,
user_0005,32881969,27/03/25 0:32,review,3
user_0142,24237778,13/03/25 15:26,add_to_cart,
user_0141,27449758,06/04/25 12:18,view,
user_0010,30887728,26/03/25 22:14,view,
user_0153,31421913,22/03/25 16:28,add_to_cart,
user_0173,11686020,20/03/25 11:16,review,4
user_0102,32218222,15/03/25 21:00,review,3
user_0045,31394271,16/03/25 12:41,review,4
user_0100,27194048,03/03/25 15:43,review,3
user_0015,27633210,24/04/25 6:42,add_to_cart,
user_0086,32804444,13/03/25 19:16,review,5
user_0042,21773718,26/02/25 10:04,review,4
user_0016,28088692,10/04/25 22:51,view,
user_0103,25827354,12/04/25 3:11,review,5
user_0118,31150043,15/03/25 3:43,view,
user_0158,30527730,10/03/25 22:29,view,
user_0103,33217696,19/03/25 9:07,view,
user_0099,28718664,24/03/25 22:11,review,2
user_0119,32280515,04/03/25 0:48,add_to_cart,
user_0126,27313574,19/04/25 16:35,review,5
user_0151,30083696,03/04/25 8:05,review,5
user_0031,26986470,06/04/25 4:45,purchase,
user_0079,32598667,06/03/25 17:46,view,
user_0016,31534415,08/03/25 1:03,add_to_cart,
user_0078,19041916,03/03/25 0:22,add_to_cart,
user_0102,27347858,02/04/25 3:34,view,
user_0015,28600884,24/03/25 22:24,view,
user_0181,26332468,16/04/25 5:52,add_to_cart,
user_0167,25335028,27/02/25 17:27,view,
user_0022,20615420,24/04/25 8:20,view,
user_0126,32135279,21/03/25 20:10,add_to_cart,
user_0147,32631998,07/04/25 19:28,view,
user_0111,30390555,08/03/25 11:57,purchase,
user_0174,30510769,06/03/25 11:33,purchase,
user_0082,30990218,27/03/25 21:46,review,3
user_0012,31422947,03/04/25 5:53,view,
user_0173,26252558,11/04/25 22:50,view,
user_0051,31535111,23/04/25 9:12,review,4
user_0012,33175697,21/04/25 11:23,review,2
user_0055,33273644,29/03/25 13:39,add_to_cart,
user_0058,14814522,12/03/25 23:41,add_to_cart,
user_0048,30127978,09/04/25 14:58,view,
user_0068,27592522,02/03/25 22:11,purchase,
user_0112,30886230,13/04/25 3:03,view,
user_0104,32628691,02/03/25 14:31,view,
user_0090,32325488,16/03/25 15:45,review,3
user_0054,21665260,30/03/25 0:27,review,5
user_0094,32535202,05/04/25 3:06,purchase,
user_0087,31434253,24/04/25 7:27,add_to_cart,
user_0151,32413450,22/02/25 21:03,view,
user_0140,32927172,13/04/25 7:43,review,4
user_0159,26076954,12/04/25 22:43,purchase,
user_0140,25770034,22/03/25 4:29,purchase,
user_0006,30336881,30/03/25 13:02,view,
user_0136,20623898,16/03/25 23:47,view,
user_0047,24841832,22/02/25 14:40,add_to_cart,
user_0082,29415912,27/02/25 7:04,purchase,
user_0093,29991883,17/03/25 6:27,review,1
user_0031,31926567,12/04/25 20:43,view,
user_0181,31917231,28/02/25 9:58,purchase,
user_0138,13859544,17/04/25 22:09,view,
user_0042,25578226,05/03/25 8:20,add_to_cart,
user_0077,32403529,07/04/25 3:36,review,4
user_0032,24760704,16/03/25 22:26,review,2
user_0186,25838768,25/03/25 20:37,view,
user_0193,32413450,17/03/25 13:07,review,3
user_0080,25984926,18/03/25 12:47,add_to_cart,
user_0024,28164812,04/04/25 16:37,review,2
user_0134,32576666,05/04/25 10:33,add_to_cart,
user_0113,30074831,20/04/25 21:35,purchase,
user_0002,26438380,21/04/25 6:28,add_to_cart,
user_0093,30695193,07/03/25 0:29,review,5
user_0197,25448220,14/04/25 7:29,view,
user_0156,32023754,02/04/25 4:16,add_to_cart,
user_0101,18876028,04/03/25 6:52,review,3
user_0101,32535202,25/02/25 17:57,view,
user_0001,26631938,08/03/25 7:48,add_to_cart,
user_0142,20921866,02/04/25 15:11,add_to_cart,
user_0037,32026618,14/03/25 8:15,purchase,
user_0018,30445062,17/03/25 20:45,purchase,
user_0166,30926410,06/04/25 12:42,add_to_cart,
user_0142,30163170,24/02/25 23:09,purchase,
user_0012,31381691,26/02/25 10:29,review,4
user_0093,30284109,13/03/25 8:26,add_to_cart,
user_0043,31183461,08/04/25 17:23,review,1
user_0021,18192810,29/03/25 7:43,purchase,
user_0059,33060163,19/03/25 3:39,review,4
user_0101,25387476,31/03/25 7:09,review,4
user_0100,32267579,08/04/25 3:00,review,5
user_0079,33061060,20/04/25 13:41,review,1
user_0020,29533814,19/03/25 7:41,purchase,
user_0159,2363526,24/04/25 9:43,review,2
user_0022,32930881,21/03/25 3:02,view,
user_0193,23413790,09/03/25 12:58,review,5
user_0118,32522782,10/04/25 8:33,review,1
user_0139,29849271,13/03/25 23:23,add_to_cart,
user_0053,21941458,23/02/25 11:41,purchase,
user_0102,23491400,05/03/25 22:25,review,1
user_0142,30291358,08/03/25 0:06,view,
user_0061,32355651,02/04/25 20:48,add_to_cart,
user_0025,32463276,25/03/25 14:11,add_to_cart,
user_0032,32493817,15/04/25 22:18,add_to_cart,
user_0131,32247210,20/04/25 20:13,purchase,
user_0158,30893483,22/04/25 12:52,purchase,
user_0037,14136128,17/03/25 7:39,review,5
user_0081,31178238,18/03/25 17:19,add_to_cart,
user_0058,31540655,26/03/25 21:47,add_to_cart,
user_0106,33035207,22/03/25 9:28,view,
user_0031,30906802,26/02/25 11:50,review,3
user_0033,32339945,02/04/25 6:31,add_to_cart,
user_0095,30880209,16/04/25 9:09,view,
user_0111,26893990,07/03/25 1:15,add_to_cart,
user_0030,27558664,07/04/25 20:13,view,
user_0179,27988900,07/03/25 0:11,view,
user_0140,31058737,20/03/25 18:06,purchase,
user_0173,18514930,12/04/25 17:26,add_to_cart,
user_0085,32330466,12/03/25 9:55,review,2
user_0034,33526450,16/04/25 13:40,review,5
user_0144,31596511,16/03/25 19:16,review,5
user_0076,11156212,29/03/25 17:33,review,3
user_0181,32563982,16/03/25 8:38,purchase,
user_0106,15021136,17/04/25 10:22,review,2
user_0172,32694035,23/04/25 1:50,purchase,
user_0083,33014752,22/03/25 22:52,purchase,
user_0019,20312092,15/04/25 0:36,review,2
user_0181,28341266,24/04/25 0:01,purchase,
user_0038,30192027,12/04/25 20:42,purchase,
user_0002,24975672,24/02/25 22:26,view,
user_0027,31366473,14/04/25 6:22,add_to_cart,
user_0012,30856143,08/04/25 13:14,purchase,
user_0053,19552748,24/02/25 21:35,purchase,
user_0113,26317602,08/04/25 1:57,purchase,
user_0184,30141348,06/03/25 13:09,add_to_cart,
user_0118,19496128,06/03/25 4:55,purchase,
user_0142,32560123,12/03/25 9:44,review,1
user_0179,30392733,20/03/25 3:42,review,4
user_0007,26491560,10/04/25 10:07,review,3
user_0078,31946664,12/03/25 15:03,purchase,
user_0027,23416830,18/03/25 4:52,view,
user_0195,20616372,12/03/25 16:18,add_to_cart,
user_0110,21180014,20/03/25 23:14,add_to_cart,
user_0111,30252360,07/03/25 19:17,view,
user_0040,28088682,09/04/25 18:27,view,
user_0049,32660824,13/04/25 5:43,view,
user_0152,17193624,03/04/25 20:40,add_to_cart,
user_0079,21387146,24/03/25 5:48,purchase,
user_0086,25042440,14/04/25 13:07,review,2
user_0196,28080874,09/03/25 13:42,purchase,
user_0041,30584782,08/04/25 21:57,purchase,
user_0094,23350614,08/03/25 1:18,purchase,
user_0174,24061950,24/04/25 6:38,review,4
user_0132,30895023,06/04/25 15:11,review,2
user_0120,26026364,19/04/25 12:29,purchase,
user_0126,30849086,19/03/25 4:24,review,2
user_0038,29284874,10/03/25 8:44,review,4
user_0118,31722748,23/04/25 6:53,review,5
user_0012,32155413,22/03/25 0:42,purchase,
user_0151,31345976,14/03/25 16:15,purchase,
user_0028,31112922,05/04/25 7:13,purchase,
user_0087,30510769,15/03/25 12:57,view,
user_0108,14069098,26/03/25 20:27,view,
user_0183,30948922,19/03/25 20:56,view,
user_0178,24503158,27/03/25 19:33,purchase,
user_0195,33114242,01/04/25 20:47,review,5
user_0028,31352306,16/03/25 8:55,add_to_cart,
user_0185,31101994,27/02/25 5:22,view,
user_0106,30484069,07/03/25 22:01,review,1
user_0115,18124806,15/04/25 7:06,review,3
user_0050,31939531,23/04/25 5:40,view,
user_0101,31027981,15/04/25 9:35,view,
user_0177,21665260,20/04/25 8:06,purchase,
user_0045,16620236,08/03/25 17:18,add_to_cart,
user_0081,29519656,13/03/25 18:01,review,5
user_0066,32278965,02/03/25 20:13,purchase,
user_0195,25318202,16/04/25 0:00,view,
user_0070,13204530,18/04/25 20:05,purchase,
user_0148,31792913,25/03/25 1:54,add_to_cart,
user_0090,32355606,12/03/25 23:52,purchase,
user_0060,31411266,24/04/25 8:07,add_to_cart,
user_0174,32321040,17/03/25 19:02,review,3
user_0193,24842708,11/03/25 23:28,review,4
user_0169,31379780,22/04/25 18:46,review,3
user_0062,26202172,17/04/25 0:44,review,5
user_0195,31457266,06/04/25 22:09,add_to_cart,
user_0051,29875590,02/04/25 3:22,purchase,
user_0010,31701398,08/03/25 22:13,purchase,
user_0002,23138474,10/04/25 8:10,add_to_cart,
user_0061,32203597,27/03/25 11:24,purchase,
user_0108,31174930,14/04/25 21:52,view,
user_0069,20223522,16/03/25 9:11,purchase,
user_0192,31363589,22/04/25 15:19,review,4
user_0040,19347690,05/03/25 4:54,purchase,
user_0127,31596617,09/04/25 21:07,purchase,
user_0126,33111191,03/04/25 19:34,review,2
user_0072,31984827,27/03/25 6:48,add_to_cart,
user_0140,30825406,04/04/25 9:39,purchase,
user_0019,31450567,20/04/25 2:03,purchase,
user_0158,13823726,17/03/25 12:31,purchase,
user_0103,29953125,24/02/25 10:41,view,
user_0077,31520748,20/04/25 8:39,review,4
user_0151,11017730,01/04/25 19:38,review,5
user_0016,25707164,05/04/25 3:07,review,4
user_0134,31762459,13/03/25 14:29,view,
user_0077,29454970,17/04/25 11:59,view,
user_0039,23808148,10/04/25 23:49,view,
user_0007,12193152,17/03/25 20:10,purchase,
user_0093,30110156,10/03/25 21:07,review,2
user_0044,7243639,10/03/25 20:57,add_to_cart,
user_0036,32758919,26/02/25 15:03,view,
user_0072,30114983,20/04/25 20:00,view,
user_0189,21088278,24/03/25 4:43,view,
user_0160,25156390,15/03/25 18:30,review,3
user_0132,21425526,31/03/25 10:20,add_to_cart,
user_0016,19761198,23/04/25 10:34,review,3
user_0012,31013058,04/04/25 14:16,add_to_cart,
user_0061,31993925,19/04/25 13:46,review,3
user_0095,25992780,27/02/25 4:10,purchase,
user_0200,26337750,22/02/25 14:37,purchase,
user_0073,32741682,03/03/25 7:33,add_to_cart,
user_0083,32828337,22/02/25 21:00,review,1
user_0099,32562425,16/03/25 7:43,add_to_cart,
user_0071,30909115,02/03/25 3:34,purchase,
user_0175,30128182,11/04/25 4:17,review,4
user_0150,17934158,22/03/25 8:02,view,
user_0046,31123066,06/04/25 3:33,view,
user_0063,31305152,27/02/25 14:46,view,
user_0182,22050584,06/03/25 23:10,review,4
user_0133,32246105,30/03/25 5:19,view,
user_0182,23751168,21/03/25 18:31,review,1
user_0087,13222384,27/03/25 10:52,purchase,
user_0045,18876028,21/03/25 1:45,add_to_cart,
user_0088,30873839,09/03/25 6:14,add_to_cart,
user_0061,17278924,13/03/25 8:27,add_to_cart,
user_0003,30195727,15/04/25 1:16,purchase,
user_0029,31359075,16/03/25 23:01,add_to_cart,
user_0046,31162542,16/03/25 14:33,review,1
user_0186,32903993,16/04/25 20:18,purchase,
user_0125,30961354,28/02/25 20:13,view,
user_0073,24338176,03/04/25 3:44,review,1
user_0173,31628618,12/04/25 11:41,view,
user_0144,26040448,10/03/25 14:47,add_to_cart,
user_0055,22244976,14/03/25 20:35,add_to_cart,
user_0083,24580476,26/03/25 6:51,review,2
user_0135,30174457,01/04/25 10:25,add_to_cart,
user_0190,30744889,23/04/25 14:43,view,
user_0050,32325518,24/02/25 11:26,review,3
user_0164,30838860,04/03/25 7:43,purchase,
user_0187,30269733,14/03/25 18:19,add_to_cart,
user_0151,32321040,07/04/25 22:08,add_to_cart,
user_0125,28944968,03/03/25 18:21,add_to_cart,
user_0090,25183700,11/03/25 0:05,view,
user_0022,31058733,17/03/25 3:00,review,3
user_0010,33028474,24/04/25 7:37,review,2
user_0111,32318495,13/03/25 3:54,review,2
user_0068,22799380,16/03/25 2:07,view,
user_0039,29277494,20/04/25 7:10,purchase,
user_0015,30880209,04/04/25 7:43,purchase,
user_0179,30386981,29/03/25 17:10,purchase,
user_0011,14140704,19/03/25 0:33,review,3
user_0184,30992987,01/03/25 8:42,review,2
user_0113,22057102,16/03/25 3:28,add_to_cart,
user_0153,21537736,25/02/25 6:45,purchase,
user_0078,30365979,15/03/25 1:20,add_to_cart,
user_0068,28772068,13/04/25 5:18,view,
user_0192,20651940,11/04/25 11:25,view,
user_0002,21759602,03/03/25 23:11,add_to_cart,
user_0063,27400942,21/03/25 23:35,purchase,
user_0087,26076946,06/03/25 7:06,add_to_cart,
user_0182,31058721,19/04/25 11:07,view,
user_0006,25971284,22/04/25 13:29,review,4
user_0034,29021320,14/03/25 16:18,add_to_cart,
user_0103,33005688,10/03/25 0:21,purchase,
user_0083,31690263,21/04/25 13:22,review,4
user_0039,30642571,13/03/25 2:09,view,
user_0082,27506954,17/04/25 21:16,view,
user_0038,32983196,07/04/25 8:58,purchase,
user_0158,25219106,11/04/25 2:31,view,
user_0035,20921978,06/04/25 6:05,purchase,
user_0166,29806040,30/03/25 18:59,review,3
user_0018,32015277,05/04/25 8:53,purchase,
user_0180,25282850,24/03/25 11:35,purchase,
user_0016,24943484,08/03/25 3:21,purchase,
user_0191,30970031,10/03/25 19:42,review,5
user_0054,24890152,19/03/25 4:23,add_to_cart,
user_0110,28044420,22/03/25 2:01,purchase,
user_0149,16127464,08/04/25 2:12,view,
user_0039,24615538,09/04/25 16:53,view,
user_0064,31541672,08/04/25 3:35,review,5
user_0107,33638992,27/03/25 9:12,purchase,
user_0117,28282824,02/04/25 18:30,review,5
user_0015,25087972,11/03/25 8:50,review,1
user_0051,23138584,17/04/25 16:24,purchase,
user_0193,19567270,09/04/25 12:21,view,
user_0139,17461980,19/03/25 4:01,purchase,
user_0140,23132034,14/04/25 13:18,purchase,
user_0040,22183934,06/04/25 16:17,view,
user_0070,25087974,05/03/25 22:56,view,
user_0028,32089814,05/04/25 16:49,view,
user_0082,30493771,25/03/25 5:25,view,
user_0065,27790030,27/03/25 8:38,purchase,
user_0088,27042710,22/03/25 23:37,review,5
user_0164,33436464,27/03/25 16:52,purchase,
user_0115,27709142,06/03/25 6:03,view,
user_0006,32337076,02/03/25 20:35,review,4
user_0094,26968472,07/04/25 21:23,view,
user_0061,31069856,06/03/25 17:39,purchase,
user_0133,27661980,27/03/25 18:43,review,3
user_0154,32128329,11/03/25 12:18,purchase,
user_0083,29705592,12/03/25 3:05,review,5
user_0004,25775138,26/03/25 10:21,review,3
user_0181,23909580,24/04/25 4:25,view,
user_0167,31736038,20/04/25 16:12,purchase,
user_0179,29746792,19/03/25 6:18,add_to_cart,
user_0153,30313634,20/04/25 16:43,review,3
user_0008,23306044,29/03/25 2:25,view,
user_0123,26738178,16/04/25 22:43,view,
user_0047,32084868,21/03/25 12:52,purchase,
user_0178,25395142,02/04/25 10:54,review,2
user_0166,30917007,28/03/25 14:58,purchase,
user_0107,30740068,03/03/25 18:20,view,
user_0085,27013904,17/03/25 8:47,view,
user_0166,25368306,19/04/25 13:30,add_to_cart,
user_0139,30854948,16/04/25 0:09,review,3
user_0148,14805636,08/04/25 18:30,view,
user_0009,20226160,25/03/25 2:02,purchase,
user_0082,32135278,03/03/25 5:32,review,1
user_0115,28979434,14/04/25 2:02,add_to_cart,
user_0031,20129732,24/02/25 4:21,view,
user_0157,30158054,23/03/25 9:55,purchase,
user_0073,26697858,26/02/25 8:26,purchase,
user_0136,29233600,16/03/25 12:31,add_to_cart,
user_0116,31451951,11/03/25 17:43,add_to_cart,
user_0159,32407335,04/03/25 23:24,review,2
user_0151,30319592,02/03/25 14:25,add_to_cart,
user_0196,29994788,09/04/25 10:49,review,2
user_0098,27262168,02/04/25 2:12,review,3
user_0163,30798966,11/03/25 2:06,add_to_cart,
user_0133,32842821,09/03/25 12:15,add_to_cart,
user_0127,26449328,22/02/25 14:55,review,4
user_0115,31550191,08/04/25 5:29,view,
user_0178,26570184,17/04/25 16:31,view,
user_0038,15995504,21/04/25 7:26,review,5
user_0088,33208388,24/03/25 5:38,review,5
user_0164,27201014,25/03/25 16:14,review,4
user_0011,32762387,08/04/25 9:33,add_to_cart,
user_0135,30975147,11/04/25 19:42,purchase,
user_0170,24578630,19/04/25 21:02,review,4
user_0035,26026336,01/03/25 17:08,view,
user_0028,25903212,07/04/25 18:26,view,
user_0125,26033652,19/03/25 15:37,purchase,
user_0139,30170687,24/03/25 3:17,view,
user_0043,30196390,02/04/25 3:55,review,1
user_0056,30313634,05/04/25 12:21,review,3
user_0132,31177190,14/04/25 7:12,view,
user_0006,33255498,27/03/25 14:01,view,
user_0063,32828367,18/04/25 9:48,purchase,
user_0169,24113870,05/04/25 7:03,purchase,
user_0080,33395119,05/04/25 0:16,purchase,
user_0095,33033148,28/02/25 18:52,review,4
user_0070,30662030,08/03/25 13:01,view,
user_0150,18488958,04/03/25 1:58,purchase,
user_0045,31112717,25/02/25 23:41,purchase,
user_0015,19760224,05/04/25 8:14,view,
user_0116,31394271,20/04/25 9:38,review,3
user_0140,25156390,31/03/25 0:34,review,2
user_0162,31069697,23/04/25 3:08,add_to_cart,
user_0197,30084709,04/03/25 15:15,view,
user_0174,31656400,03/04/25 2:51,review,3
user_0097,24297976,15/03/25 8:56,view,
user_0159,26103406,15/04/25 21:59,purchase,
user_0048,13859128,03/03/25 18:59,view,
user_0165,20401506,28/02/25 1:12,add_to_cart,
user_0151,29413712,08/03/25 3:48,view,
user_0011,26136626,11/04/25 4:34,add_to_cart,
user_0082,22865032,15/03/25 12:34,purchase,
user_0018,31722591,06/03/25 13:22,add_to_cart,
user_0057,2412644,19/04/25 11:36,view,
user_0041,26207042,28/02/25 5:51,review,3
user_0126,32201142,01/03/25 0:37,view,
user_0034,31990605,23/03/25 8:29,add_to_cart,
user_0056,29758154,15/04/25 12:00,purchase,
user_0140,31596023,31/03/25 5:16,view,
user_0011,27873892,24/02/25 7:40,review,1
user_0144,31649040,03/03/25 18:37,add_to_cart,
user_0046,21766806,27/03/25 21:42,purchase,
user_0176,31205561,10/04/25 0:19,purchase,
user_0165,14438460,29/03/25 16:24,add_to_cart,
user_0125,24567402,25/03/25 12:19,add_to_cart,
user_0186,25775138,06/04/25 20:09,add_to_cart,
user_0112,31112728,13/03/25 8:25,add_to_cart,
user_0079,33271722,14/04/25 20:21,purchase,
user_0129,30495214,31/03/25 5:34,view,
user_0116,26697688,17/04/25 21:23,review,2
user_0033,22959256,12/04/25 16:41,purchase,
user_0105,23685106,01/04/25 19:26,review,2
user_0189,30677917,25/03/25 5:55,view,
user_0155,16122578,21/04/25 5:22,view,
user_0040,32761820,18/03/25 5:29,view,
user_0139,24801436,19/03/25 18:55,purchase,
user_0187,31307631,17/03/25 11:32,view,
user_0177,31767068,12/04/25 20:14,add_to_cart,
user_0151,32693092,04/03/25 12:13,review,1
user_0009,20235322,02/04/25 19:52,add_to_cart,
user_0074,31123073,11/03/25 8:12,view,
user_0092,26026334,17/04/25 12:36,view,
user_0094,29212470,07/04/25 11:29,add_to_cart,
user_0120,26898320,23/02/25 16:22,purchase,
user_0073,30161702,25/03/25 6:29,add_to_cart,
user_0012,25816346,16/03/25 17:04,add_to_cart,
user_0032,13732324,18/04/25 11:57,view,
user_0039,28570594,17/04/25 16:11,review,1
user_0087,26953172,05/04/25 0:56,add_to_cart,
user_0088,30838860,16/03/25 19:04,view,
user_0129,30849917,16/04/25 11:11,purchase,
user_0112,13126880,18/03/25 7:32,add_to_cart,
user_0103,32857758,18/04/25 12:06,purchase,
user_0036,15313806,22/02/25 21:10,purchase,
user_0172,30171515,17/03/25 0:12,purchase,
user_0013,29920352,26/03/25 16:40,add_to_cart,
user_0008,33526451,04/04/25 22:32,view,
user_0012,33209643,02/03/25 17:00,purchase,
user_0040,2417998,25/02/25 8:45,review,2
user_0118,30591591,05/04/25 9:15,purchase,
user_0018,31174924,23/03/25 18:51,view,
user_0175,30659720,10/04/25 2:27,add_to_cart,
user_0095,9740131,20/03/25 19:01,view,
user_0054,26000266,01/03/25 1:55,add_to_cart,
user_0054,31407950,05/03/25 23:34,purchase,
user_0125,23834100,06/03/25 7:26,view,
user_0069,24188024,02/03/25 15:16,review,2
user_0089,28302072,20/03/25 10:32,add_to_cart,
user_0086,31174452,10/03/25 2:30,add_to_cart,
user_0076,30645409,26/02/25 17:23,view,
user_0016,30495251,09/03/25 9:37,review,5
user_0041,12193168,09/03/25 13:56,add_to_cart,
user_0071,31722329,28/03/25 11:28,view,
user_0090,31361032,20/04/25 8:35,review,3
user_0184,20996082,25/02/25 7:00,purchase,
user_0136,32557643,17/04/25 4:58,view,
user_0062,15323948,11/04/25 13:11,purchase,
user_0050,31757703,24/04/25 5:17,add_to_cart,
user_0186,33409165,23/03/25 3:18,purchase,
user_0144,24132354,23/04/25 1:00,view,
user_0164,27206334,19/03/25 3:07,review,4
user_0199,22799376,15/03/25 20:46,purchase,
user_0004,26556882,08/03/25 21:00,purchase,
user_0176,31974323,07/03/25 21:38,view,
user_0139,30010511,24/03/25 10:36,view,
user_0143,31819281,04/04/25 3:43,review,3
user_0147,29371118,24/03/25 5:17,review,5
user_0074,26209124,05/03/25 18:54,add_to_cart,
user_0196,19018122,10/03/25 17:55,add_to_cart,
user_0004,28096012,26/02/25 19:13,view,
user_0135,30599430,27/02/25 21:57,view,
user_0108,33494419,20/03/25 13:34,review,5
user_0075,32958369,21/03/25 14:15,add_to_cart,
user_0177,27867502,05/04/25 7:26,purchase,
user_0088,33052236,27/03/25 20:12,review,4
user_0014,25244026,15/03/25 4:36,purchase,
user_0077,22709844,25/02/25 2:31,purchase,
user_0165,31333186,23/03/25 3:14,purchase,
user_0154,30561016,22/03/25 11:26,add_to_cart,
user_0191,31362900,05/04/25 4:45,add_to_cart,
user_0065,31614788,12/04/25 4:07,view,
user_0029,29654072,02/04/25 9:03,view,
user_0017,32641781,14/03/25 15:19,add_to_cart,
user_0168,29312748,20/04/25 14:35,add_to_cart,
user_0008,30435320,01/03/25 2:14,view,
user_0058,32865764,28/03/25 12:56,add_to_cart,
user_0078,21924362,03/03/25 9:49,review,1
user_0109,27043134,31/03/25 13:23,purchase,
user_0190,29451326,06/03/25 12:01,view,
user_0011,26412356,11/04/25 1:48,review,4
user_0097,13244008,05/04/25 10:43,review,4
user_0072,33022245,22/04/25 22:04,review,5
user_0085,33176689,19/03/25 3:43,review,4
user_0127,31836960,19/03/25 11:33,view,
user_0184,16962308,10/03/25 12:04,view,
user_0089,12193256,29/03/25 15:13,add_to_cart,
user_0035,31369671,03/04/25 10:08,add_to_cart,
user_0006,27192362,16/04/25 8:09,review,2
user_0164,17087048,04/04/25 6:30,add_to_cart,
user_0178,23053422,23/02/25 10:42,view,
user_0038,32597818,12/03/25 9:24,review,1
user_0058,25029096,24/02/25 0:01,review,2
user_0002,31019928,26/02/25 23:59,add_to_cart,
user_0023,32816018,06/03/25 20:12,purchase,
user_0089,26098384,11/03/25 23:34,review,5
user_0057,28209944,24/04/25 7:51,add_to_cart,
user_0010,24110606,10/04/25 17:56,view,
user_0180,19179494,16/03/25 10:17,view,
user_0080,31841961,02/03/25 4:41,add_to_cart,
user_0060,31336470,04/03/25 5:42,view,
user_0182,33654929,04/04/25 16:14,review,3
user_0121,32157880,05/04/25 13:31,purchase,
user_0185,33045469,18/03/25 8:14,view,
user_0064,25345266,14/03/25 7:09,add_to_cart,
user_0062,30069290,28/02/25 3:43,view,
user_0034,32958369,23/03/25 7:53,add_to_cart,
user_0150,19515920,02/03/25 21:32,add_to_cart,
user_0081,20380312,14/04/25 23:10,add_to_cart,
user_0075,29828792,21/03/25 15:00,purchase,
user_0183,27873904,23/03/25 20:12,purchase,
user_0179,30249085,08/04/25 1:15,view,
user_0037,30020001,27/03/25 6:04,purchase,
user_0029,30155130,13/04/25 20:40,add_to_cart,
user_0009,33612203,18/03/25 22:29,add_to_cart,
user_0189,32609737,11/03/25 5:36,purchase,
user_0129,31473744,04/03/25 15:23,view,
user_0100,26732576,21/04/25 2:32,add_to_cart,
user_0194,26104390,24/03/25 2:11,purchase,
user_0110,12121366,05/03/25 21:45,add_to_cart,
user_0118,27530750,28/02/25 13:44,purchase,
user_0064,30528779,03/03/25 8:56,review,3
user_0080,30141336,16/03/25 3:45,purchase,
user_0186,30468827,19/03/25 6:29,view,
user_0028,31346001,25/02/25 12:27,review,2
user_0123,32600749,13/03/25 20:53,view,
user_0154,31196569,18/04/25 12:15,review,2
user_0152,30024529,28/03/25 9:07,view,
user_0146,29031554,05/04/25 5:58,add_to_cart,
user_0147,25483126,14/04/25 7:41,purchase,
user_0183,24958582,26/03/25 23:25,review,3
user_0115,26284120,13/03/25 8:05,purchase,
user_0168,9951411,08/04/25 7:18,review,1
user_0055,28048988,02/03/25 13:20,purchase,
user_0104,30426715,31/03/25 16:12,view,
user_0119,27989780,02/04/25 10:04,purchase,
user_0092,30967872,18/04/25 10:35,review,1
user_0137,28800226,17/03/25 20:08,add_to_cart,
user_0115,27135032,26/02/25 3:40,add_to_cart,
user_0044,19537824,11/03/25 2:58,add_to_cart,
user_0054,31326594,08/03/25 5:51,add_to_cart,
user_0024,29091056,05/03/25 18:04,review,1
user_0049,19179496,16/03/25 1:25,add_to_cart,
user_0057,29857832,12/04/25 6:51,review,2
user_0086,11542062,22/04/25 10:09,review,5
user_0145,31926624,01/04/25 16:44,add_to_cart,
user_0128,23596156,18/03/25 8:26,add_to_cart,
user_0165,30508180,15/04/25 17:54,view,
user_0114,32622857,11/03/25 2:44,add_to_cart,
user_0045,31768756,10/03/25 19:12,purchase,
user_0004,31275201,23/02/25 2:10,purchase,
user_0129,23879254,09/04/25 21:18,view,
user_0132,31656400,17/03/25 0:28,add_to_cart,
user_0015,32801697,30/03/25 2:52,purchase,
user_0091,32649527,07/03/25 18:13,view,
user_0090,24676614,05/04/25 1:53,add_to_cart,
user_0188,2145329,11/03/25 6:32,view,
user_0127,30069287,04/03/25 17:35,add_to_cart,
user_0084,22051218,24/03/25 4:41,purchase,
user_0103,26332636,08/04/25 15:19,add_to_cart,
user_0147,31058737,25/02/25 8:57,view,
user_0136,28768848,22/03/25 6:49,purchase,
user_0017,20134878,24/02/25 23:52,review,2
user_0094,31926626,12/04/25 9:33,add_to_cart,
user_0152,28933452,24/03/25 20:26,view,
user_0137,14878294,22/04/25 7:33,purchase,
user_0104,30564246,14/03/25 10:36,view,
user_0024,32024019,18/03/25 21:29,purchase,
user_0019,23869882,06/03/25 7:11,review,2
user_0101,31917231,29/03/25 13:16,review,5
user_0149,31100078,23/04/25 8:18,add_to_cart,
user_0154,30691965,21/03/25 22:54,purchase,
user_0195,29910956,20/04/25 15:08,add_to_cart,
user_0130,22452642,27/02/25 17:20,add_to_cart,
user_0120,31773201,18/03/25 4:50,review,2
user_0105,31112717,23/03/25 12:49,review,4
user_0104,33073406,22/04/25 17:22,add_to_cart,
user_0157,30909115,10/04/25 5:43,purchase,
user_0068,30525909,05/04/25 21:23,add_to_cart,
user_0119,32700641,26/03/25 12:22,review,1
user_0102,31596596,28/02/25 23:33,purchase,
user_0018,12853658,31/03/25 13:38,purchase,
user_0155,21695104,22/04/25 13:22,review,1
user_0018,33381531,17/04/25 19:54,purchase,
user_0105,14829058,28/02/25 0:11,review,1
user_0015,13180132,04/03/25 9:22,purchase,
user_0021,31237932,02/04/25 5:49,review,5
user_0180,22183934,18/04/25 7:02,purchase,
user_0162,30957535,04/03/25 15:34,add_to_cart,
user_0040,25472708,14/03/25 23:18,review,5
user_0102,32213493,10/04/25 9:13,add_to_cart,
user_0059,30492344,18/03/25 12:46,review,1
user_0035,24801458,10/03/25 0:25,add_to_cart,
user_0022,33071863,08/04/25 20:13,purchase,
user_0033,26239360,17/03/25 14:11,view,
user_0145,31747267,17/03/25 2:31,view,
user_0140,8661663,10/03/25 2:23,add_to_cart,
user_0177,27305820,14/04/25 12:00,purchase,
user_0183,22392020,21/03/25 20:53,purchase,
user_0066,24943122,05/04/25 12:01,view,
user_0190,25958180,16/03/25 19:51,purchase,
user_0064,32158503,27/03/25 22:42,view,
user_0178,14277582,06/03/25 22:04,purchase,
user_0155,19399056,16/03/25 0:40,add_to_cart,
user_0072,30612351,18/04/25 3:01,view,
user_0054,13866344,08/03/25 1:04,view,
user_0027,31449531,18/03/25 19:43,review,5
user_0017,32218693,18/04/25 23:24,add_to_cart,
user_0041,29620632,14/03/25 5:52,view,
user_0144,32320862,05/04/25 22:14,view,
user_0196,18876028,06/03/25 6:20,add_to_cart,
user_0078,31231813,12/04/25 19:05,review,5
user_0196,31322463,10/03/25 15:19,review,5
user_0113,32492215,17/03/25 21:37,review,5
user_0165,33229454,17/03/25 1:12,review,1
user_0157,29795988,12/03/25 21:13,review,5
user_0005,31966167,14/03/25 22:56,review,2
user_0163,32846969,17/04/25 22:08,review,1
user_0074,31722579,23/03/25 18:08,add_to_cart,
user_0108,30868036,03/04/25 21:47,review,1
user_0112,31415924,11/03/25 5:59,purchase,
user_0015,28400708,28/02/25 4:12,add_to_cart,
user_0012,29034462,17/04/25 23:29,add_to_cart,
user_0002,24681502,11/03/25 23:09,purchase,
user_0106,20377660,17/03/25 23:17,view,
user_0008,31791981,26/03/25 0:18,review,3
user_0182,32778044,06/03/25 3:19,review,5
user_0095,21979384,03/03/25 19:09,review,5
user_0133,31305164,03/03/25 12:10,purchase,
user_0083,24483610,25/03/25 21:34,purchase,
user_0129,32811321,18/03/25 14:32,add_to_cart,
user_0045,32641773,31/03/25 3:58,view,
user_0097,27985378,30/03/25 4:51,view,
user_0144,32574351,23/04/25 20:08,review,5
user_0164,23835524,20/03/25 14:49,view,
user_0163,31376624,25/02/25 22:52,purchase,
user_0025,22241834,10/03/25 18:38,view,
user_0023,22617998,01/03/25 1:48,view,
user_0149,31757699,10/04/25 17:02,purchase,
user_0108,32073159,20/03/25 7:05,add_to_cart,
user_0153,31944551,18/03/25 8:09,add_to_cart,
user_0005,32550260,16/03/25 20:55,review,1